unsubscribe,company,domain,position_1,keyword_1,ignore_keywords
,https://www.linkedin.com/company/27165190,3sixtyinsights.com,"CEO=Founder=CEO/Owner=Owner, CEO=CEO / Owner=CEO founder=CEO/Founder=Founder/CEO=Owner / CEO=Owner & CEO=CEO, founder=Founder, CEO=Founder, CMO=CEO - Founder=CEO / Founder=CEO & Founder=CEO + Founder=CEO, Co-Owner=CEO/President=Cofounder/CEO=Director, CEO=Founder - CEO=Founder , CEO=Founder / CEO=Founder & CEO=FOUNDER & CMO=Founder + CEO=Founder | CEO=Owner and CEO=Owner, Co-CEO=President CEO=President/CEO=President\CEO=CEO & Co-Owner=CEO, CoFounder=CEO, President=CEO/Co-Founder=Co-Founder/CEO=Cofounder, CEO=Director & CEO=President, CEO=CEO & CoFounder=CEO & President=CEO and Founder=CEO, Co Founder=CEO, Co-Founder=Co Founder, CEO=Co-founder, CEO=Cofounder & CEO=Founder and CEO=President / CEO=President & CEO=CEO , Co-Founder=CEO / Co-Founder=CEO & Co Founder=CEO & Co-founder=CEO | Co-Founder=CEO and Co-Owner=Co Founder / CEO=Co Founder & CEO=Co-founder - CEO=Co-founder (CEO)=Co-Founder / CEO=Co-Founder & CEO=Co-Founder + CEO=Co-founder | CEO=Director and CEO=CEO and cofounder=CEO and President=CEO, Co - founder=CEO, Co-fondateur=Cofounder and CEO=president and ceo=CEO & Co - founder=CEO & Co-fondateur=CEO and Co Founder=CEO and co-founder=Co Founder and CEO=CEO, Owner, Founder=CEO and Co - founder=CEO and Co-fondateur=Company Founder, CEO=Chief Executive (CEO)=Company Founder & CEO=President/CEO/Founder=CEO, Co-Founder, Owner=CEO, Founder, President=Chief Executive Officer=Company Founder and CEO=President, CEO, Founder=President, CEO & Founder=Co-founder, President, CEO=President, CEO and Founder=Co-founder, President & CEO=Chief Executive Officer (CEO)=Chief Executive Officer/Owner=Co-founder, President and CEO=Chief Executive Officer / Owner=Chief Executive Officer, Founder=Founder, Chief Executive Officer=Chief Executive Officer & Founder=Founder - Chief Executive Officer=Founder / Chief Executive Officer=Founder & Chief Executive Officer=Chief Executive Officer, President=President, Chief Executive Officer=Chief Executive Officer & President=Chief Executive Officer and Founder=Chief Executive Officer, Co-Founder=Co-Founder, Chief Executive Officer=Founder and Chief Executive Officer=President & Chief Executive Officer=Chief Executive Officer & Co-Founder=Co-Founder & Chief Executive Officer=Chief Executive Officer and President=President and Chief Executive Officer=Chief Executive Officer and Co-Founder=Co-founder and Chief Executive Officer=Chief Executive Officer (CEO), Co-Founder=Chief Executive Officer (CEO) & Co-Founder=Chief Executive Officer (CEO) and Co-Founder=owner=Co-CEO=Co-Owner=director=Directeur=Owner/CMO=president=co founder=Co-Founder=Partner, CEO=Owner/Founder=Partner & CEO=Founder, Owner=Founder/Co-CEO=Owner & Co-CEO=Owner, Founder=CMO, Co-founder=Co Founder, CMO=Co-Founder, CMO=Founder / Owner=Founder & Owner=Founder and CMO=Founder, Co-CEO=Owner / Founder=Owner & Founder=Partner and CEO=CMO / Co-Founder=CMO & Co-founder=Co Founder & CMO=Co-CEO, Co-Owner=Co-Founder & CMO=Founder & Co-CEO=Owner and Co-CEO=Co-CEO & Co-Owner=Director, Founder=Founder and Owner=Founder, Chairman=Founder, Director=Owner and Founder=President/Founder=CMO and Co-Founder=Co Founder and CMO=Co-CEO, Co-Founder=Co-founder and CEO=Co-Founder and CMO=Co-Founder, Co-CEO=Director & Founder=Executive Director=Founder - Director=Founder & Director=Founder and co-CEO=Founder, President=President, Founder=Co-CEO & Co-Founder=Co-CEO and Co-Owner=Co-Founder / Co-CEO=Co-Founder & Co-CEO=Founder & President=President & Founder=President, co-owner=Co Founder, Director=Co-Founder, Director=Co-Founder/President=Director and Founder=Director, Co-Founder=Founder and Director=President & co-owner=CEO, Managing Partner=Co Founder & Director=Co-CEO and Co-Founder=Co-Founder & Director=Co-Founder and Co-CEO=Co-founder, President=Director & Co-Founder=Founder and President=President and Founder=President, Co Founder=President, Co-founder=CEO & Managing Partner=Co-Founder / President=Co-Founder & President=Managing Director, CEO=President & Co Founder=President & Co-founder=President and co-owner=Co Founder and Director=Co-Founder and Director=Director and Co-Founder=Executive Director, CMO=Managing Director & CEO=CEO and Managing Partner=Co-Founder and President=Executive Director & CMO=Owner, Managing Director=President and Co Founder=President and Co-founder=Co-Founder + VP of Growth=Managing Director and CEO=Owner & Managing Director=Co-Chief Executive Officer=Co-Founder, Vice President=Executive Director and CMO=Founder, Managing Director=Managing Director, Founder=Vice President, Co-Founder=Co-founder & Head of Growth=Co-Founder & Vice President=Co-Founder, General Manager=Founder - Managing Director=Founder & Managing Director=Managing Director & Founder=Managing Director, Co-Owner=Vice President & Co-Founder=Co-Founder & General Manager=Cofounder, Managing Director=Managing Director & Co-Owner=Co Founder and Board Director=Co Founder, Managing Director=Co-founder and Head of Growth=Co-Founder, Head Of Marketing=Co-Founder, Managing Director=Cofounder & Managing Director=Founder and Managing Director=Managing Director and Founder=Co Founder & Managing Director=Co-Founder & Head Of Marketing=Co-founder & Managing Director=Co-Founder and General Manager=Co-Founder, Marketing Director=Managing Director and Co-Owner=Co-Founder & Marketing Director=Cofounder and Managing Director=President, Marketing Strategist=Co Founder and Managing Director=Co-Founder and Head of Marketing=Co-founder and Managing Director=President & Marketing Strategist=Co-Founder & Chief Growth Officer=Co-Founder and Marketing Director=Co-founder, Director of Marketing=Founder | Chief Marketing Officer=Chief Marketing Officer, Cofounder=Co-Founder - Director of Marketing=Co-founder & Director of Marketing=Chief Marketing Officer & Cofounder=Chief Marketing Officer, Co Founder=Co-founder, Chief Marketing Officer=Chief Marketing Officer & Co Founder=Co-Founder & Chief Marketing Officer=Co-founder and Director of Marketing=Chief Marketing Officer and Cofounder=Co-Founder Chief Marketing Strategist=Chief Marketing Officer and Co Founder=Co-Founder and Chief Growth Strategist=Co-Founder and Chief Marketing Officer=Chief Marketing Officer, Managing Director=Chief Marketing Officer & Managing Director=Chief Marketing Officer and Managing Director=General Manager=Managing Director=Principal/Founder=Founder & Chairman=Principal, Founder=Principal & Founder=Founder and Chairman=Principal and Founder=Director Of Operations=Founder / Board Member=Executive Vice President=Founder / Board Chairman=Founder, Chief Strategist=Founder, Managing Partner=Co Founder, Board Director=Co-founder, Head of Growth=Founder & Chief Strategist=Founder & Managing Partner=Managing Partner, Director=Principle I President, CEO=Co Founder & Board Director=Managing Partner & Director=Owner and Managing Director=Principle I President & CEO=Founder and Chief Strategist=Founder and Managing Partner=Co-Founder and Vice President=Founder, Chief Growth Officer=Founder, Director of Strategy=Managing Partner and Director=Principle I President and CEO=Vice President and Co-Founder=Founder & Chief Growth Officer=Co-Founder, Chief Growth Officer=Founder and Chief Growth Officer=Cofounder, Chief Business Officer=President, Chief Operating Office=Co-founder, Chief Strategy Officer=Cofounder & Chief Business Officer=President & Chief Operating Office=President and Marketing Strategist=Co-Founder & Chief Strategy Officer=Co-Founder and Chief Growth Officer=Co-Founder, Chief Growth Strategist=Co-Founder & Chief Growth Strategist=Cofounder and Chief Business Officer=President and Chief Operating Office=Co-Founder and Chief Strategy Officer=Managing Partner/Chief Marketing Officer=CEO - Co-founder=CEO / Director=CEO + Co-Founder=CEO + Digital Marketing Strategy=CEO And Managing Director=Co Founder / Executive Director=Co-fondateur=Cofounder / CEO=digital strategist | ceo=Director ( Co Founder)=Founder / Co-owner=Founder & Chief Marketing Officer=Founder, President, and CEO=Managing Director , Marketing Head & Co-Founder=Managing Director (Co-founder)=Managing Director / Co-Founder=OWNER / DIRECTOR=Owner, President=President / Chief Executive Officer=President/Co-founder=President/Owner=CEO / Chief Creative Officer=Co Founder & Managing Partner=Co-founder / Director=Co-Founder / General Manager=Co-Founder & Director of Digital Strategy - SEO Expert=Co-Founder & GM=Co-Founder & SVP=Cofounder & COO=Company Owner=COO & Co-Founder=Founder & Chief Operating Officer=Founder & COO=Founder | Managing Director=Founder | Strategic Director=Founder Director=Founding Partner & CEO=Group CEO=Managing Director and Owner=MD & Co-Founder=Non Executive Director=Business Owner=CFO & Founder=Chief Executive Officer, Systems Architect=Co Founder / CTO=Co-Founder / Investor=Co-founder / Operations=Co-Founder & COO=Co-Founder & Managing Partner=Co-Founder + Director of Digital Communications=Co-Founder | COO=Co-Founder | Managing Director & Chief Strategist=Co-Founder | Web Specialist | Web Marketing & Communication=Co-Founder and C.O.O=Co-Founder and Chief Operations Officer=Co-Founder, VP=Co-Owner and Partner=Deputy CEO & Head of Claims=Director of Growth=Director of Strategy=Director of Strategy and Growth=Director, Business Development=Executive=Executive Vice President/Partner=Founder & Board Member=Founder & Chief Architect=Founder/Independent Salesforce Consultant=Founder/Managing Member=Head of Growth=Managing Director & Board Member=Managing Partner & Co-Founder=Managing Partner and Co-Founder=Non-Exec Director and co-founder/investor=Operations Director=Sr. Vice President=Technical Co-Founder=Business Development, Founder=Business Growth Manager=Chief Commercial Officer & Partner (Co-CEO)=Chief Innovation Officer & Co-founder=Chief Operating Officer=Chief Operating Officer (COO)=Chief Operations Officer=Chief Operations Officer / co-founder=Chief Technical Officer (CTO), Co-Founder=Co-Founder / CTO=Co-Founder / Director of Engineering=Co-Founder / VP Product & Growth=Co-Founder & Chief Product Officer=Co-Founder & CRO=Co-founder & CTO=Co-Founder & Director of Product Development=Co-Founder & Head of Client Services=Co-founder & Head of Technology=Co-Founder & Visionary=Co-founder | Chairman of the Board=Co-Founder | Head of Innovation=Co-founder and CTO=Co-Founder and Director of Partnerships=Co-Founder and Lead Data Scientist=Co-Founder and Technical Lead=Co-founder, Chief Technology Officer=Co-Founder, CTO=CTO & Co-Founder=Director, Operations=Executive Assistant to CEO, Slipstream Cyber Security=Executive Assistant to Chief Executive Officer=Executive Director, CTO=Founder \ Developer=Founder & Creative Director=Founder & Joint Managing Director=Founder & Managing Director | Convert Digital=Founder & Technical Director=Founder and CTO=Founder and Investor=Founder, Partner and Chief Technology Officer=Founder/Consultant=Founding Partner=Founding Partner & Chief Innovation Officer=Interim Managing Director=Investor and co-founder=President, Web Services=Tech Founder & CEO=Vice President=Vice-President & COO",ceo,product owner
,https://www.linkedin.com/company/advance-design-&-systems,advancedesign-sys.com,"CMO=Marketing Head=Marketing lead=Marketing Leader=Head of Marketing=LÃ­der de marketing=Marketing Director=CMO, Head of Growth=CMO, Vice President=Director, Marketing=Marketing Executive=Marketing Team Lead=CMO & Head of Growth=Director of Marketing=CMO and Head of Growth=Digital Marketing Head=Digital marketing lead=Sr. Director Marketing=Sr. Marketing Director=Chief Marketing Manager=Chief Marketing Officer=Sr. Marketing Executive=Web Marketing Executive=Head of Growth Marketing=Head of Marketing, Brand=Director Growth Marketing=Director of Web Marketing=Head Of Digital Marketing=Head of Growth, Marketing=Head of Marketing, Growth=Online Marketing Director=Senior Marketing Director=Sr. Director of Marketing=Digital Marketing Director=Director Content Marketing=Director, Growth Marketing=Head of Growth & Marketing=Head of Marketing & Growth=Marketing Development Lead=Online Marketing Executive=Senior Marketing Executive=Content Marketing Executive=Digital Marketing Executive=Digital Marketing Team Lead=Director, Digital Marketing=Head Of (Digital) Marketing=Team Lead Digital Marketing=Content, Marketing Executive=Digitial Marketing Executive=Director of Growth Marketing=Executive Director Marketing=Head of Growth and Marketing=Head of Marketing and Growth=Head of Marketing Operations=Senior Director of Marketing=Sr. Growth Marketing Manager=Content & Marketing Executive=Content and Marketing Manager=Digital Marketing Team Leader=Director of Content Marketing=Director of Digital Marketing=Director of Marketing Content=Director of Marketing, Growth=Head Of Marketing, Operations=Associate Director - Marketing=Director of Internet Marketing=Director of Marketing & Growth=Director, Marketing Operations=Global Chief Marketing Officer=Head Of Marketing & Operations=Marketing Operations Executive=Sr Digital Marketing Executive=Chief Digital Marketing Officer=Chief Marketing, Growth Officer=Content and Marketing Executive=Executive Director of Marketing=Global Head of Growth Marketing=Sr. Digital Marketing Executive=Chief Digital, Marketing Officer=Chief Marketing & Growth Officer=Director - Marketing, Operations=Director of Marketing and Growth=Director of Marketing Operations=Head of Digital Growth Marketing=Head of Global Digital Marketing=Head Of Marketing and Operations=Sr. Director Strategic Marketing=Chief Digital & Marketing Officer=Chief Marketing, Strategy Officer=Chief Strategy, Marketing Officer=Director - Marketing & Operations=Director of Marketing, Operations=Global Head of Marketing Strategy=Head of Marketing, Communications=Marketing, Communication Director=Senior Director, Growth Marketing=Senior Growth Marketing Executive=Chief Marketing & Strategy Officer=Chief Marketing and Growth Officer=Chief Strategy & Marketing Officer=Director Marketing, Communications=Director of Marketing & Operations=Head of Marketing & Communications=Head of Marketing, Lead Generation=Marketing & Communication Director=Senior Content Marketing Executive=Senior Digital Marketing Executive=Senior Director, Head of Marketing=Chief Digital and Marketing Officer=Digital Marketing Account Executive=Director - Marketing and Operations=Director Marketing & Communications=Director, Head of Digital Marketing=Director, Marketing, Communications=Head of Marketing & Lead Generation=Senior Director of Growth Marketing=Chief Marketing and Strategy Officer=Chief Strategy and Marketing Officer=Director of Marketing and Operations=Director of Marketing Communications=Director, Marketing & Communications=Head of Marketing and Communications=Marketing and Communication Director=Senior Team Lead - Digital Marketing=Director Marketing and Communications=Director of Marketing, Communications=Head of Marketing and Lead Generation=Director of Marketing & Communications=Director, Marketing and Communications=Chief Marketing, Communications Officer=Director of Content Marketing, Strategy=Senior Director of Marketing Operations=Chief Marketing & Communications Officer=Director of Content Marketing & Strategy=Director of Marketing and Communications=Global Head of Marketing, Communications=Head Of Global Marketing, Communications=Global Head of Marketing & Communications=Head Of Global Marketing & Communications=Chief Marketing and Communications Officer=Director of Content Marketing and Strategy=Director of Marketing, Business Development=Global Head of Marketing and Communications=Head Of Global Marketing and Communications=Chief Executive of Marketing, Communications=Director of Marketing & Business Development=Global Director of Marketing, Communications=Chief Executive of Marketing & Communications=Global Director of Marketing & Communications=Digital Marketing Director / Head of Marketing=Director of Marketing and Business Development=Chief Executive of Marketing and Communications=Global Director of Marketing and Communications=Sr. Director, Digital Marketing, Communications=Sr. Director, Digital Marketing & Communications=Sr. Director, Digital Marketing and Communications=Marketing Manager=Sr. Marketing Manager=Web Marketing Manager=Lead Marketing Manager=Senior Digital Marketer=Growth Marketing Manager=Head of Sales, Marketing=Online Marketing Manager=Senior marketing manager=Digital Marketing Manager=Digtial Marketing Manager=Marketing Content Manager=Content, Marketing Manager=Marketing Strategy Manager=Content & Marketing Manager=Marketing & Content Manager=Sr Growth Marketing Manager=Marketing Operations Manager=Sr Digital Marketing Manager=Lead Growth Marketing Manager=Marketing and Content Manager=Sr. Digital Marketing Manager=Global Growth Marketing Manager=Marketing Communication Manager=Senior Growth Marketing Manager=Digital Marketing Senior Manager=Global Digital Marketing Manager=Growth Digital Marketing Manager=Marketing Communications Manager=Senior Digital Marketing Manager=Digital Marketing, Growth Manager=Senior Manager - Growth Marketing=Digital Marketing & Growth Manager=Digital Marketing, Content Manager=Fractional Chief Marketing Officer=Senior Manager - Digital Marketing=Chief Marketing, Innovation Officer=Digital Marketing & Content Manager=Senior Manager of Digital Marketing=Senior Marketing Operations Manager=Senior Marketing, Campaigns Manager=Senior Marketing, Community Manager=Sr. Manager of Marketing Operations=Chief Marketing & Innovation Officer=Digital Marketing and Growth Manager=Digital marketing manager/ Team lead=Senior Marketing & Campaigns Manager=Senior Marketing & Community Manager=Sr. Digital Growth Marketing Manager=Sr. Manager of Marketing, Operations=Digital Marketing and Content Manager=Executive Vice President of Marketing=Sr. Manager of Marketing & Operations=Senior Marketing and Campaigns Manager=Senior Marketing and Community Manager=Senior Marketing Communications Manager=Sr. Manager of Marketing and Operations=Digital Marketing, Content Marketing Manager=Digital Marketing & Content Marketing Manager=Digital Marketing and Content Marketing Manager=Partner, CMO=VP Marketing=Partner & CMO=Fractional CMO=Growth Marketer=Partner and CMO=Senior Marketer=VP of Marketing=Digital Marketer=marketing specialist=Marketing Strategist=Sr. Digital Marketer=Marketing Coordinator=Marketing Co-ordinator=Senior Growth Marketer=VP of Growth Marketing=digital marketing expert=Vice President Marketing=Head of Marketing & Brand=Head of Sales & Marketing=Sales, Marketing Director=Marketing Campaign Manager=Sales & Marketing Director=Sales, Marketing Executive=Digital Marketing Associate=Head of Marketing and Brand=Head of Sales and Marketing=Sales & Marketing Executive=Senior Marketing Specialist=Senior Marketing Strategist=Vice President of Marketing=Digital Marketing Specialist=Digital Marketing Strategist=Director of Sales, Marketing=Integrated Marketing Manager=Sales and Marketing Director=VP Marketing & Communication=Content, Marketing Strategist=Director of Sales & Marketing=Head of Performance Marketing=Marketing Campaign Strategist=Marketing Communications Lead=Sales and Marketing Executive=Chief Sales, Marketing Officer=Content & Marketing Strategist=Chief Sales & Marketing Officer=Director of Sales and Marketing=Marketing Operations Specialist=Senior Marketing Digital Expert=Senior Vice President Marketing=Sr digital marketing strategist=Content and Marketing Strategist=Chief Sales and Marketing Officer=Senior Digital Marketing Specialist=Senior Digital Marketing Strategist=Marketing, Communications Specialist=Global Chief Sales, Marketing Officer=Marketing & Communications Specialist=Chief Marketing and Innovation Officer=Global Chief Sales & Marketing Officer=Marketing and Communications Specialist=Digital Marketing Operations Coordinator=Global Chief Sales and Marketing Officer=Vice President of Marketing and Operations=Director of Communications, Content Marketing=Director of Communications & Content Marketing=Vice President of Marketing and Communications=Director of Communications and Content Marketing=Digital marketing, business development executive=Digital marketing & business development executive=Digital marketing and business development executive=(Interim) Director of Marketing=Content Marketing Team Leader=Director Of Online Marketing=Directora de marketing=Executive - Marketing=Executive Vice President & Chief Marketing Officer=Expert Online Marketing Manager=Global Director of Marketing=Global Marketing Operations Manager=Internet Marketing Director=Jr Digital Marketing Executive=Lead Digital Marketing Manager=Marketing and Communications Executive=Marketing And Communications Manager=Marketing Director (CMO)=Marketing Operations Lead=Marketting Director=Sr. Global Marketing Director=Strategic Marketing Director=SVP, Director of Marketing=SVP, Head of Marketing=Agency Marketing Manager=Associate Digital Marketing Executive=Associate Manager - Digital Marketing=CMO, M&A and Strategy Consultant=Digital & Marketing Operations Manager=Digital Content Marketing Manager=Director Marketing Communications=Director of Digital Marketing & Demand Generation=Director of Digital Strategy=Director of Marketing Services=Director of Paid Search Marketing=EMEA Marketing Director=Growth Marketing Director=Growth Marketing Lead=Growth Marketing Strategist=Head of Marketing & Customer Experience=Interim Head of Marketing=Junior Marketing Manager=Managing Partner, Director of Marketing=Marketer=Marketing=Marketing & Communications Manager=Marketing Account Executive=Marketing Account Manager=Marketing Director, China=Marketing Director, EMEA=Marketing Manager - AU=Marketing Manager APAC=Marketing Manager Romania=Marketing Manager UK & Europe=Marketing Manager, Asia Practice =Marketing Manager, North America=Marketing Managerin Professional=Marketing Operations Manager / HubSpot Specialist=Marketing Project Manager=Marketing Strategy=Marketingmanager=Online Marketing Specialist=Performance Marketing Lead=Performance Marketing Manager=Performance Marketing Manager / SEA Specialist=Perfromance Marketing Manager=Resident Content Marketing Manager=Senior Content Marketing Marketing (SME)=Senior Manager, Marketing Operations=Senior Marketing Manager (Focus Product Marketing)=Senior Marketing Manager Content & Communications=Sr Digital Marketer=SVP Marketing=APAC Digital Marketing Manager=Associate Paid Digital Marketing Specialist=Content Marketing Lead - APAC=Content Marketing Manager & Link Operations Associate=Digital Content Marketing Specialist=Digital Marketing & Content Specialist=Digital Marketing Account Manager=Digital Strategist=director of integrated marketing=Director of Marketing & Customer Success=Director of Marketing and Sales=Director of Marketing, Americas=Executive Marketing Assistant=Growth Marketing Specialist=Junior Marketing Operations Specialist=Managing Director, Sales and Marketing Manager=Marketing and Business Development Manager=Marketing and Sales Manager=Marketing Communications Specialist=Marketing Content Coordinator=Marketing Content Specialist=Marketing Graduate=Marketing Manager/ Consultant=Marketing Operations=Marketing Specialist Central Europe=Marketing Specialist Europe & APAC=Performance Marketing Specialist=Senior Content Marketing Specialist=Senior Editor + Marketing Manager=Senior Marketing Manager, Demand Generation, EMEA=Sr Digital Marketing Specialist=Sr. Marketing Specialist=Technical Marketing Manager=Vice President, Marketing=VP Global Marketing=VP, Global Marketing=Web Marketing Specialist=Web marketing specialist: Google Ads, Facebook Ads and Analytics=Assistant Marketing Manager=Assistant Vice President of Marketing & Communication=Brand & Digital Marketing=Brand & Marketing Strategist=Brand and Content Marketing Manager=Content Marketing Coordinator=Customer Marketing Manager=Digital Advertising Team Lead=Digital Marketing Analyst=Digital Marketing and Demand Manager=Digital Marketing Coordinator=Digital Marketing Manager - Social Media=Digital Marketing Manager (PPC Specialist)=Digital Marketing Manager/ PPC/ Paid Search=Digital Marketing Specialist | Senior PPC Specialist=Digital Marketing Specialist, Specialising in Content=Digital Marketing Strategist, Facebook Ads Specialist, Lead Activator, Speaker=Digital Media & Operations Manager=Digital Project Manager=Digital Specialist=Director Of Field Marketing=Director Of Sales Marketing=Director of Sales, Service & Marketing=Field Marketing Manager=Field Marketing Manager, EMEA=Inbound Marketing Director=Inside Sales and Marketing Manager=Integrated Marketing Coordinator=Marketing and Business Development Consultant=Marketing Assistant=Marketing Associate=Marketing Communications=Marketing Consultant, Marketing Transformation and Marketing Strategy=Marketing Coordinator & Project Manager=Marketing Coordinator/Online Communications Specialist=Marketing Manager-Partners & Associations=Marketing Manager, Demand Generation =Sales and Marketing Administrator=Sales Marketing Executive=Senior Director, Business Development & Marketing=Sr. Digital Marketing Consultant=Sr. Manager, Marketing Programs=Vice President - Digital Strategy | Marketing | Software Management=Vice President of Sales & Marketing=Vice President Sales & Marketing=VP of Experience Strategy and Digital Marketing=VP, Marketing, Alliances",marketing,vice president
,https://www.linkedin.com/company/affinity-digital-,affinity-digital.com,"Head SEO=SEO Lead=Senior SEO=Head of SEO=SEO Director=Principal SEO=SEO Executive=SEO Team Lead=Sr.SEO Expert=Director of SEM=Director of SEO=Senior SEO Lead=SEO Team Manager=Sr.SEO Executive=Sr. SEO Executive=Global Head of SEO=SEO, SMO Executive=SEO & SMO Executive=Sr. Director of SEO=Senior SEO Executive=Content & SEO Manager=Senior Manager of SEO=SEO and SMO Executive=Senior Director of SEO=SEO, Content Executive=SEO & Content Executive=Search Marketing Director=SEO and Content Executive=Head of SEO Growth Strategy=Head of SEO, Growth Marketing=Head of Digital Marketing, SEO=Head of SEO & Growth Marketing=Director of Organic Growth, SEO=Head of Digital Marketing & SEO=Head Search Engine Optimization=Director of Organic Growth & SEO=Head of SEO and Growth Marketing=Search Engine Marketing Director=Head of Digital Marketing and SEO=Search Engine Marketing Executive=Search Engine Marketing team lead=Director of Organic Growth and SEO=Head of Search Engine Optimization=Search Engine Optimization Executive=Search Engine Optimization Team Lead=Sr. Search Engine Optimization Executive=Senior Search Engine Optimization Executive=SEO Manager=SEO-Manager=Senior SEO Manager=Senior Manager, SEO=SEO Content Manager=Content, SEO Manager=Senior Manager - SEO=SEO, Content Manager=SEO & Content Manager=SEO Marketing Manager=Content and SEO Manager=SEO and Content Manager=Sr. Content, SEO Manager=Sr. Content & SEO Manager=SEO, Content Growth Manager=Sr. Content and SEO Manager=SEO & Content Growth Manager=seo content marketing manager=Content, SEO Marketing Manager=SEO and Content Growth Manager=SEO, Digital Marketing Manager=Content & SEO Marketing Manager=Search Engine Marketing Manager=SEO & Digital Marketing Manager=Content Manager & SEO Specialist=Content and SEO Marketing Manager=SEO and Digital Marketing Manager=Search Engine Optimization Manager=Global SEO, Content Marketing Manager=Global SEO & Content Marketing Manager=Global SEO and Content Marketing Manager=SEO expert=SEO/Marketer=SEO Strategist=Senior SEO Expert=SEO Deputy Manager=Senior SEO Strategist=Senior SEO Content Strategist=Search Engine Optimization Expert=SEO, Digital Marketing Strategist=SEO & Digital Marketing Strategist=SEO Specialist=Sr. Seo Specialist=Lead SEO Specialist=SEO Project Manager=Linkbuilding Specialist=Marketing, SEO Specialist=Marketing & SEO Specialist=Marketing and SEO Specialist=Content Manager, SEO Specialist=Content Manager and SEO Specialist=Search Engine Marketing Specialist=Search Engine Marketing Strategist=SEO and Digital Marketing Strategist=Search Engine Optimization specialist=Digital Marketing Manager - SEO and PPC Team Lead=Digital Marketing Manager I Seo Expert=Digital Presence Manager - SEO=Global Head Of Content and SEO=Jr SEO Executive=Jr. SEO Executive=Junior SEO Executive=Link Builder=Link Building Strategist=Marketing Specialist - SEO=Search Engine Optimisation Executive=Search Engine Optimization & Marketing Strategist=Search Engine Optimization Project Manager=Search Engine Optimization Strategist=Search Marketing Manager=Senior Digital Marketing Manager | SEO & SEM=Senior SEM Manager=Senior SEO Exec=SEO & SEM Expert | Associate Director=SEO Account Executive=SEO Account Manager=SEO Accounts Manager=SEO Content Lead=Sr Search Marketing Manager=Sr SEO=sr seo executive=Sr. Search Marketing Manager=Sr. SEO/Digital Marketing Executive=Technical SEO Lead=Account Manager, SEO=Celebrity Digital Marketing & SEO Apprentice=Search Marketing Specialist=SEM Specialist=Senior Search Engine Optimization Specialist=Senior SEO and Online Marketing Specialist=Senior SEO Editor=Senior SEO Specialist=SEO & Content Marketing Specialist=SEO Content Specialist=SEO Strategies=SEO Strategist & Senior Account Manager=Specialista SEO=Sr. SEO Architecht=Sr. SEO Lead | ABM | Inbound Marketing=Team Leader SEO et Consultant SEO=Trainee SEO Management=Content & SEO Specialist=MARKETING STRATEGIST AND SEO CONTENT CREATOR=Search Engine Optimization Analyst=Search Engine Optimization Consultant=Search Engine Optimization Coordinator=Senior SEO Analyst=Senior SEO Consultant=SEO Analyst=SEO and ADwords specialist=SEO and Web Specialist=SEO Consultant=SEO Consultant and Content Auditor=SEO Coordinator=SEO Outreach Specialist=SEO Outreach Specialist / Digital Marketing Coordinator=SEO Trainee=Sr. SEO Analyst=Web Stategist=Senior Copywriter & SEO Strategist=SEO & Paid Ads Strategist=SEO Strategist & Copywriter",seo,finance
,https://www.linkedin.com/company/airhostpteltd,airhost.sg,"Content Head=Head of Content=Content Director=Content Executive=Content Team Lead=Director of Content=Content Marketing Head=Content Marketing Lead=Head of Content Marketing=Content Marketing Team Lead=Director of Content Strategy=Team Lead - Content, Marketing=Team Lead - Content & Marketing=Team Lead - Content and Marketing=Content Manager=Content Marketer=Web Content Manager=Senior Content Manager=Digital Content Manager=Senior Content Marketer=Digital Content Marketer=Content Marketing Manager=Marketing, Content Manager=Manager of Content Marketing=Sr. Content Marketing Manager=Senior Content Strategy Manager=Senior Content Marketing Manager=Senior Manager, Content Marketing=Content Marketing, Communications Manager=Content Marketing & Communications Manager=Content Marketing and Communications Manager=Senior Manager of Content, Marketing Operations=Senior Manager of Content & Marketing Operations=Senior Manager of Content and Marketing Operations=Content Specialist=Content Strategist=Senior Content Strategist=Content Marketing Specialist=Content Marketing Strategist=Content Management Specialist=Sr. Content Marketing Strategist=Content Lead=Head Of Content (Director)=Lead Content Strategist=Organic Search and Content Executive=Digital Content Strategist=Senior Content Marketer (Interim Head of Content)=Chief Content Officer & Managing Partner=Digital Content Specialist=President, Content & PR Division =Sr. Content Specialist=Brand and Content Manager=Content & Campaign Manager=Content and Campaign Manager=Content Coordinator=Copywriter & Content Strategist",content,director of solution
,https://www.linkedin.com/company/alchemy-translation,alchemytranslation.com,,,slutions director
,https://www.linkedin.com/company/alphalogix_2,alphalogix.co.uk,,,director of operations
,https://www.linkedin.com/company/amcon-soft,amconsoft.com,,,Affiliate
,https://www.linkedin.com/company/appextech-software-solutions,appextech.com,,,product
,https://www.linkedin.com/company/typof-technologies,apps.typof.com,,,email
,https://www.linkedin.com/company/askuma-ai,askuma.ai,,,Virtual Assistant
,https://www.linkedin.com/company/aspect-automation,bluebridgenetworks.com,,,Writer
,,braincert.com,,,Human Resources
,,codeatechnologies.com,,,Field Marketing
,,codeflashinfotech.com,,,Graphic Designer
,,crctpa.com,,,Content Writer
,,detoxtechnologies.com,,,Research Analyst
,,digital-x-press.com,,,Event
,,digitechmagic.com,,,Copywriter
,,doyensec.com,,,Board Member
,,engineerworkshop.com,,,Business Owner
,,essentialtech.com.au,,,revenue
,,ezclaim.com,,,accounting
,,factor-a.com,,,Business Analyst
,,getemail.io,,,design
,,helmholdt.com,,,developer
,,hubbardinteractive.com,,,intern
,,humanservicescenter.net,,,junior
,,idealcomputersystems.com,,,Data Scientist
,,imagexinc.com,,,B2B Marketer
,,justanimations.com,,,ecommerce
,,krikey.ai,,,account
,,mardamanagement.com,,,Assistant
,,marello.com,,,
,,numerogen.com,,,
,,polepositionmarketing.com,,,
,,qeretail.com,,,
,,rmcmaine.com,,,
,,rockpapersimple.com,,,
,,savvyhrms.com,,,
,,seoxport.com,,,
,,sidium.com,,,
,,smanikdesign.com,,,
,,startleftsecurity.com,,,
,,tcamre.com,,,
,,thedma.com.au,,,
,,thepropertygroup.net,,,
,,toppageworld.com,,,
,,vestrainet.com,,,
,,wordplaycontent.com,,,
,,wordsburg.com,,,
,,mitigatecyber.com,,,
,,emerge.digital,,,
,,go-globe.com,,,
,,maineventdigital.com,,,
,,2daysmood.com,,,
,,expertiseaccelerated.com,,,
,,candidroot.com,,,
,,cloud86.io,,,
,,interal.com,,,
,,itknowledgezone.com,,,
,,kulsys.com,,,
,,contentme.co,,,
,,ecomhub.com.pk,,,
,,pdsplanning.com,,,
,,propertyware.com,,,
,,sdd-technology.com,,,
,,seostrikes.com,,,
,,sqnbankingsystems.com,,,
,,testers-hub.com,,,
,,webixytech.com,,,
,,webnetcreatives.net,,,
,,wellteck.com,,,
,,gleematic.com,,,
,,coderseo.com,,,
,,freedomiot.ai,,,
,,inetsolution.com,,,
,,getwebee.com,,,
,,codeenv.com,,,
,,enterprisewebcloud.com,,,
,,conexuscommunity.com,,,
,,factech.co.in,,,
,,survalyzer.com,,,
,,forcesecurity.com,,,
,,intelligencepartner.com,,,
,,kltranslations.com,,,
,,iucc.ac.il,,,
,,techsoup.net.nz,,,
,,asgct.com,,,
,,intellitechconsulting.net,,,
,,sdssoftwares.co.uk,,,
,,syftet.com,,,
,,sertainty.com,,,
,,webbullindia.com,,,
,,accessibility-services.com,,,
,,fissionconsulting.com,,,
,,siteprice.org,,,
,,globalassignmenthelp.com,,,
,,mavenbird.com,,,
,,airhost.jp,,,
,,latinotaxpro.com,,,
,,patrobson.com,,,
,,stptexas.com,,,
,,tmu.ac.in,,,
,,3plsystems.com,,,
,,lolly.co,,,
,,allex.ai,,,
,,callcmr.com,,,
,,capitalreportingcompany.com,,,
,,clearthinking.co.uk,,,
,,cloudconverge.io,,,
,,cpadept.com,,,
,,cpspeo.com,,,
,,digitalj2.com,,,
,,digitalmediasolutions.com.au,,,
,,eventleaf.com,,,
,,gatewayarmsrealty.com,,,
,,harpinteractive.com,,,
,,hmre.net,,,
,,imageeditstudio.com,,,
,,infintor.com,,,